City_ID,City,Country,Lat,Lng,Max Temp,Humidity,Cloudiness,Wind Speed,Current Description
0,Port Elizabeth,ZA,-33.92,25.57,62.6,100,75,12.75,light rain
1,Ushuaia,AR,-54.8,-68.3,46.4,61,20,28.86,few clouds
2,Georgetown,MY,5.41,100.34,84.2,83,20,3.36,few clouds
3,Mar Del Plata,AR,-38.0,-57.56,78.8,29,75,9.17,broken clouds
4,Clarence Town,AU,-32.58,151.78,82.0,53,100,10.29,overcast clouds
5,New Norfolk,AU,-42.78,147.06,61.0,62,94,3.0,overcast clouds
6,Alice Springs,AU,-23.7,133.88,60.8,100,90,11.41,light intensity shower rain
7,Ribeira Grande,PT,38.52,-28.7,56.55,64,6,16.33,clear sky
8,Awbari,LY,26.59,12.78,50.22,68,0,8.39,clear sky
9,Port Lincoln,AU,-34.73,135.87,63.39,68,95,12.08,overcast clouds
10,Kavieng,PG,-2.57,150.8,84.85,68,91,3.29,light rain
11,Northam,GB,51.03,-4.22,46.0,84,59,20.0,broken clouds
12,Khatanga,RU,71.97,102.5,-26.72,85,100,9.31,overcast clouds
13,Hirara,JP,24.8,125.28,75.2,94,75,4.7,broken clouds
14,Rikitea,PF,-23.12,-134.97,78.73,64,38,7.0,scattered clouds
15,Bulawayo,ZW,-20.15,28.58,70.23,80,100,4.36,overcast clouds
16,Beaumont,US,30.09,-94.1,69.8,94,90,11.41,overcast clouds
17,Nombre De Dios,MX,23.85,-104.23,64.4,10,40,6.93,scattered clouds
18,Provideniya,RU,64.38,-173.3,19.4,79,90,11.18,light snow
19,Pisco,PE,-13.7,-76.22,68.0,82,0,17.22,clear sky
20,Kiama,AU,-34.68,150.87,77.0,71,53,11.99,broken clouds
21,Ponta Delgada,PT,37.73,-25.67,55.4,62,40,20.8,scattered clouds
22,Bereda,ES,43.27,-7.54,39.0,100,33,1.01,scattered clouds
23,Paita,PE,-5.09,-81.11,68.18,83,100,12.28,overcast clouds
24,Kodiak,US,57.79,-152.41,33.8,74,90,5.82,overcast clouds
25,Albany,US,42.6,-73.97,37.0,60,89,8.68,overcast clouds
26,Port Alfred,ZA,-33.59,26.89,64.0,95,100,3.0,light rain
27,Shambu,ET,9.57,37.1,53.15,81,36,1.92,light rain
28,Ventersburg,ZA,-28.09,27.14,62.22,35,21,3.91,few clouds
29,Hearst,CA,49.68,-83.67,10.4,85,100,8.05,snow
30,Norman Wells,CA,65.28,-126.83,-4.0,76,90,5.82,overcast clouds
31,Lavrentiya,RU,65.58,-171.0,26.24,97,100,13.0,light snow
32,Nikolskoye,RU,59.7,30.79,34.0,94,75,6.71,broken clouds
33,La Seyne-Sur-Mer,FR,43.1,5.88,54.0,100,92,1.99,overcast clouds
34,Punta Arenas,CL,-53.15,-70.92,46.4,52,2,27.51,clear sky
35,Belyy Yar,RU,53.6,91.39,21.2,62,0,8.95,clear sky
36,Torbay,CA,47.67,-52.73,32.0,94,90,12.75,overcast clouds
37,Akdepe,TM,42.06,59.38,28.4,67,90,9.17,overcast clouds
38,Hobart,AU,-42.88,147.33,61.0,58,75,12.75,light intensity shower rain
39,Barrow,US,71.29,-156.79,-0.4,70,90,20.8,overcast clouds
40,Antigonish,CA,45.62,-62.0,24.01,79,29,1.99,scattered clouds
41,Butaritari,KI,3.07,172.79,81.05,77,77,15.7,broken clouds
42,Ewa Beach,US,21.32,-158.01,82.4,51,1,5.82,clear sky
43,Tiksi,RU,71.69,128.87,-17.07,89,100,6.89,overcast clouds
44,Mahebourg,MU,-20.41,57.7,77.0,83,75,12.75,shower rain
45,Gizo,SB,-8.1,156.84,85.03,67,82,1.86,light rain
46,Busselton,AU,-33.65,115.33,84.04,29,0,8.99,clear sky
47,Geraldton,AU,-28.77,114.6,93.2,30,0,11.41,clear sky
48,Inuvik,CA,68.35,-133.72,-2.2,77,100,6.93,overcast clouds
49,Mataura,NZ,-46.19,168.86,57.99,72,12,15.01,few clouds
50,Bluff,NZ,-46.6,168.33,57.99,72,10,15.01,clear sky
51,Talnakh,RU,69.49,88.4,-43.6,64,0,4.47,clear sky
52,Abha,SA,18.22,42.51,55.4,93,0,0.69,clear sky
53,Saint George,US,37.1,-113.58,42.8,18,1,18.34,clear sky
54,Bethel,US,41.37,-73.41,33.01,74,1,4.23,clear sky
55,Shepetivka,UA,50.19,27.06,30.31,98,25,5.68,scattered clouds
56,Kapaa,US,22.08,-159.32,80.6,61,1,5.82,clear sky
57,Macia,MZ,-25.03,33.1,76.03,97,100,6.91,heavy intensity rain
58,Tuktoyaktuk,CA,69.45,-133.04,-2.2,84,90,17.22,light snow
59,Alekseyevka,RU,50.63,38.69,15.78,97,97,7.45,overcast clouds
60,Meulaboh,ID,4.14,96.13,78.71,84,100,4.12,overcast clouds
61,Totness,SR,5.88,-56.32,77.09,89,100,9.55,overcast clouds
62,Brae,GB,60.4,-1.35,33.8,74,54,11.41,light snow
63,Beloye,UA,48.5,39.05,22.5,96,79,5.97,broken clouds
64,Hermanus,ZA,-34.42,19.23,62.01,95,100,6.26,light rain
65,Homer,US,59.64,-151.55,37.4,69,1,4.7,clear sky
66,Longyearbyen,SJ,78.22,15.64,33.8,69,20,27.51,few clouds
67,Tromso,NO,69.65,18.96,32.0,91,20,11.41,few clouds
68,Kaitangata,NZ,-46.28,169.85,61.0,59,45,11.01,scattered clouds
69,Santa Cruz Del Norte,CU,23.15,-81.92,69.8,94,6,4.7,clear sky
70,Cherskiy,RU,68.75,161.3,-16.1,88,100,10.47,overcast clouds
71,Thompson,CA,55.74,-97.86,-27.4,74,20,3.91,few clouds
72,Odweyne,SO,9.41,45.06,64.27,33,81,12.86,broken clouds
73,Presidencia Roque Saenz Pena,AR,-26.79,-60.44,75.49,43,82,6.02,broken clouds
74,Atyrau,KZ,47.12,51.88,-9.4,76,0,8.95,mist
75,Tuatapere,NZ,-46.13,167.68,57.99,72,6,15.01,clear sky
76,Narsaq,GL,60.92,-46.05,35.6,80,100,2.24,snow
77,Muros,ES,42.78,-9.06,39.99,96,2,1.99,clear sky
78,Tank,PK,32.22,70.38,50.68,45,20,1.48,few clouds
79,Lethem,GY,3.38,-59.8,77.27,79,100,9.24,overcast clouds
80,Arica,CL,-18.48,-70.3,68.0,72,0,4.7,clear sky
81,Sutesti,RO,45.22,27.43,39.81,90,76,4.21,broken clouds
82,Senanga,ZM,-16.12,23.27,69.01,87,88,2.48,overcast clouds
83,Hasaki,JP,35.73,140.83,54.0,55,40,5.82,scattered clouds
84,Katsuura,JP,35.13,140.3,55.0,40,75,10.29,broken clouds
85,Kahului,US,20.89,-156.47,84.2,51,40,11.41,scattered clouds
86,Marsh Harbour,BS,26.54,-77.06,73.9,76,38,17.63,scattered clouds
87,The Valley,AI,18.22,-63.06,80.6,74,40,14.99,scattered clouds
88,Leh,IN,34.17,77.58,3.09,67,99,2.08,overcast clouds
89,Saskylakh,RU,71.92,114.08,-26.05,85,88,7.4,overcast clouds
90,Nanortalik,GL,60.14,-45.24,35.51,86,100,20.47,light snow
91,Bunia,CD,1.57,30.25,65.1,70,100,3.09,overcast clouds
92,Vostok,RU,46.49,135.88,14.14,96,100,4.16,overcast clouds
93,Meiganga,CM,6.52,14.3,64.56,38,28,4.7,scattered clouds
94,Lata,PT,40.16,-8.33,46.99,87,40,4.7,scattered clouds
95,Jamestown,US,42.1,-79.24,41.0,55,75,10.29,broken clouds
96,Airai,TL,-8.93,125.41,73.51,71,48,2.37,moderate rain
97,Zhezkazgan,KZ,47.8,67.71,-2.97,93,59,3.29,broken clouds
98,Port Hardy,CA,50.7,-127.42,42.8,75,90,11.41,overcast clouds
99,Carnarvon,AU,-24.87,113.63,78.8,88,0,10.29,clear sky
100,Grindavik,IS,63.84,-22.43,35.6,93,90,17.22,light rain
101,Bredasdorp,ZA,-34.53,20.04,60.8,87,100,6.73,light rain
102,San Nicolas,PH,18.17,120.6,82.4,78,20,2.24,few clouds
103,Tiznit,MA,29.58,-9.5,55.24,46,27,9.82,scattered clouds
104,Amantea,IT,39.13,16.07,55.4,93,92,1.12,overcast clouds
105,Makakilo City,US,21.35,-158.09,82.4,51,1,5.82,clear sky
106,Auki,SB,-8.77,160.7,85.32,72,35,3.31,moderate rain
107,Cidreira,BR,-30.18,-50.21,72.63,79,0,17.52,clear sky
108,Kyren,RU,51.68,102.14,1.18,78,100,1.63,snow
109,Robertsport,LR,6.75,-11.37,79.36,84,62,8.14,broken clouds
110,Kendal,GB,54.33,-2.75,37.99,87,0,6.89,clear sky
111,Asau,RO,46.43,26.4,39.99,85,87,5.17,overcast clouds
112,Atuona,PF,-9.8,-139.03,78.64,77,4,17.09,clear sky
113,Tezu,IN,27.92,96.17,65.84,41,0,0.09,clear sky
114,Yellowknife,CA,62.46,-114.35,-2.99,83,90,16.11,light snow
115,Khor,RU,47.89,134.95,12.54,94,96,6.85,overcast clouds
116,Sinjar,IQ,36.32,41.88,40.21,66,93,8.3,overcast clouds
117,Port Macquarie,AU,-31.43,152.92,75.99,61,100,6.08,overcast clouds
118,Aklavik,CA,68.22,-135.01,-2.2,77,100,6.93,overcast clouds
119,Bambous Virieux,MU,-20.34,57.76,77.0,83,75,12.75,shower rain
120,Santa Fe,AR,-31.63,-60.7,78.01,55,0,4.0,clear sky
121,Upernavik,GL,72.79,-56.15,10.98,95,100,11.14,overcast clouds
122,Takoradi,GH,4.88,-1.76,78.87,86,26,7.52,scattered clouds
123,Pangnirtung,CA,66.15,-65.71,-11.47,80,100,3.42,overcast clouds
124,Yulara,AU,-25.24,130.99,82.4,28,0,18.34,clear sky
125,Esperance,AU,-33.87,121.9,77.0,41,0,12.75,clear sky
126,Oudtshoorn,ZA,-33.59,22.2,59.0,100,28,4.7,light rain
127,Tayginka,RU,55.62,60.51,14.07,93,67,10.76,broken clouds
128,Pevek,RU,69.7,170.31,-4.05,89,100,0.11,overcast clouds
129,Xiamen,CN,24.48,118.08,62.6,93,40,4.47,mist
130,Cabo San Lucas,MX,22.89,-109.91,73.4,33,5,4.7,clear sky
131,Izhma,RU,65.01,53.91,-25.29,84,0,4.23,clear sky
132,Jalingo,NG,8.88,11.37,75.06,26,56,2.82,broken clouds
133,Soure,BR,-0.72,-48.52,80.22,82,53,10.67,light rain
134,Lebu,CL,-37.62,-73.65,56.17,90,0,13.06,clear sky
135,Kendari,ID,-3.94,122.5,86.11,69,100,0.54,light rain
136,Loralai,PK,30.37,68.6,38.32,65,0,2.33,clear sky
137,Souillac,MU,-20.52,57.52,77.0,83,75,12.75,shower rain
138,Fort Nelson,CA,58.81,-122.7,5.0,77,75,3.36,broken clouds
139,Bocaiuva,BR,-17.11,-43.81,70.39,85,100,2.15,light rain
140,Jiayuguan,CN,39.82,98.3,16.5,67,0,2.71,clear sky
141,Ust-Nera,RU,64.57,143.2,-31.97,73,95,2.44,overcast clouds
142,Matara,LK,5.95,80.54,76.66,84,98,1.16,overcast clouds
143,Broken Hill,AU,-31.95,141.43,75.2,33,0,10.29,clear sky
144,Cape Town,ZA,-33.93,18.42,66.0,93,75,6.93,light rain
145,Jiangyou,CN,31.77,104.72,46.2,56,100,0.74,overcast clouds
146,Saint-Philippe,RE,-21.36,55.77,75.2,73,75,5.82,light rain
147,Alpena,US,45.06,-83.43,45.0,70,90,14.99,overcast clouds
148,Beringovskiy,RU,63.05,179.32,-16.42,84,16,6.15,few clouds
149,Tyukalinsk,RU,55.87,72.2,16.45,97,100,11.59,overcast clouds
150,Oktyabrskiy,RU,54.48,53.47,3.38,94,96,3.44,overcast clouds
151,Port Augusta,AU,-32.5,137.77,82.99,52,0,13.87,clear sky
152,Amapa,BR,1.0,-52.0,76.87,79,100,5.44,overcast clouds
153,Zhumadian,CN,32.98,114.03,43.43,55,0,5.95,clear sky
154,Fortuna,US,40.6,-124.16,45.0,93,1,5.82,clear sky
155,Banfora,BF,10.63,-4.77,73.58,21,0,4.56,clear sky
156,Vaini,TO,-21.2,-175.2,84.2,79,40,12.75,light rain
157,Sechura,PE,-5.56,-80.82,70.66,75,100,14.38,overcast clouds
158,Dong Hoi,VN,17.48,106.6,67.93,91,100,12.01,light rain
159,Margate,GB,51.38,1.39,48.0,81,89,11.01,overcast clouds
160,Leningradskiy,RU,69.38,178.42,2.97,93,100,6.08,light snow
161,Meadow Lake,US,34.8,-106.54,30.99,26,1,18.34,clear sky
162,Saint Anthony,US,45.02,-93.22,12.2,85,90,20.8,snow
163,Semey,KZ,50.41,80.23,19.4,85,90,15.66,overcast clouds
164,Canakkale,TR,40.08,26.83,54.0,93,40,1.12,scattered clouds
165,Port Blair,IN,11.67,92.75,78.12,75,46,7.76,scattered clouds
166,Bunbury,AU,-33.33,115.63,86.74,26,0,15.19,clear sky
167,Vila Franca Do Campo,PT,37.72,-25.43,55.4,62,40,20.8,scattered clouds
168,Normandin,CA,48.83,-72.53,12.2,85,100,11.41,light snow
169,Nazarovo,RU,56.01,90.39,8.22,95,100,7.87,overcast clouds
170,Chihuahua,MX,28.5,-106.0,55.99,25,50,3.0,scattered clouds
171,Sitka,US,57.05,-135.33,41.0,93,90,4.7,moderate rain
172,Bonavista,CA,48.65,-53.11,28.4,74,95,8.05,overcast clouds
173,Hilo,US,19.73,-155.09,82.4,51,40,9.17,scattered clouds
174,Korsakov,RU,46.63,142.78,24.8,85,40,11.18,scattered clouds
175,Maniitsoq,GL,65.42,-52.9,32.68,97,100,9.35,snow
176,Imeni Poliny Osipenko,RU,52.42,136.49,-11.52,85,0,3.62,clear sky
177,Viedma,AR,-40.81,-63.0,69.01,61,10,15.93,clear sky
178,Pafos,CY,34.77,32.42,50.0,76,10,8.05,clear sky
179,Lapeer,US,43.05,-83.32,48.99,61,90,16.11,overcast clouds
180,Ornskoldsvik,SE,63.29,18.72,32.0,96,45,9.17,scattered clouds
181,Dibulla,CO,11.27,-73.31,77.54,76,3,11.16,clear sky
182,Saint Johnsbury,US,44.42,-72.02,26.6,73,100,4.7,overcast clouds
183,Necochea,AR,-38.55,-58.74,73.99,49,0,4.41,clear sky
184,Solnechnyy,RU,50.72,136.63,-1.93,86,14,4.88,few clouds
185,Tiarei,PF,-17.53,-149.33,84.2,70,40,3.36,light rain
186,Coruripe,BR,-10.13,-36.18,76.55,84,99,10.83,overcast clouds
187,San Cristobal,VE,7.77,-72.22,65.77,92,100,2.13,overcast clouds
188,Olafsvik,IS,64.89,-23.71,39.94,82,100,22.21,moderate rain
189,Adrar,MR,20.5,-10.07,56.12,39,0,10.31,clear sky
190,Voyvozh,RU,62.89,54.96,-20.04,87,0,4.81,clear sky
191,Alblasserdam,NL,51.86,4.66,46.99,87,40,14.99,scattered clouds
192,Umm Lajj,SA,25.02,37.27,71.44,69,96,8.59,overcast clouds
193,Kaeo,NZ,-35.1,173.78,75.99,54,29,18.01,scattered clouds
194,Batemans Bay,AU,-35.72,150.18,80.01,36,25,3.0,scattered clouds
195,Narasannapeta,IN,18.42,84.05,64.62,69,0,6.26,clear sky
196,Arandis,NA,-22.42,14.97,63.0,90,0,1.9,clear sky
197,Sajkas,RS,45.27,20.09,46.4,100,100,2.24,mist
198,Hakkari,TR,37.58,44.17,18.9,93,95,3.74,overcast clouds
199,Biak,ID,-0.91,122.88,80.91,76,100,2.08,overcast clouds
200,Clyde River,CA,70.47,-68.59,-7.6,76,0,6.93,clear sky
201,Baran,IN,25.1,76.52,54.28,47,0,3.87,clear sky
202,Cacheu,GW,12.27,-16.17,66.2,93,0,4.34,clear sky
203,Okha,RU,53.57,142.95,-10.39,88,3,11.3,clear sky
204,Faanui,PF,-16.48,-151.75,80.62,77,81,11.36,light rain
205,Puerto Ayora,EC,-0.74,-90.35,73.0,92,51,5.01,broken clouds
206,Castro,BR,-24.79,-50.01,63.03,91,68,12.08,broken clouds
207,Mufulira,ZM,-12.55,28.24,66.0,90,98,1.99,overcast clouds
208,Lichuan,CN,30.3,108.85,39.31,78,93,1.79,overcast clouds
209,Ilulissat,GL,69.22,-51.1,28.4,86,100,10.29,light snow
210,Sehithwa,BW,-20.47,22.72,78.6,69,99,4.05,light rain
211,Hattiesburg,US,31.33,-89.29,64.4,77,90,12.75,overcast clouds
212,Vao,NC,-22.67,167.48,76.73,71,69,7.23,broken clouds
213,Bisira,PA,8.52,-81.71,59.59,100,100,6.58,overcast clouds
214,Sidi Ali,DZ,36.1,0.42,53.58,64,0,4.47,clear sky
215,Isangel,VU,-19.55,169.27,87.8,89,75,3.36,broken clouds
216,Preobrazheniye,RU,42.9,133.91,26.91,83,0,10.76,clear sky
217,Dunedin,NZ,-45.87,170.5,62.01,74,96,5.01,overcast clouds
218,Bengkulu,ID,-3.8,102.27,83.01,66,91,3.24,overcast clouds
219,Mumford,GH,5.26,-0.76,79.07,88,0,8.28,clear sky
220,Ambilobe,MG,-13.2,49.05,73.65,88,47,1.21,scattered clouds
221,Constitucion,CL,-35.33,-72.42,56.82,78,0,16.69,clear sky
222,Sunbury,AU,-37.58,144.73,66.0,42,75,17.22,broken clouds
223,Puerto Del Rosario,ES,28.5,-13.86,68.0,64,0,19.46,clear sky
224,Chikhli,IN,20.35,76.25,58.1,43,0,4.97,clear sky
225,Corinto,GR,37.94,22.96,48.99,93,20,5.14,few clouds
226,Bubaque,GW,11.28,-15.83,79.88,59,51,8.79,broken clouds
227,Avarua,CK,-21.21,-159.78,71.6,94,100,3.36,light rain
228,Faya,SA,18.39,42.45,55.4,93,2,0.25,clear sky
229,Marystown,CA,47.17,-55.15,30.33,92,8,17.13,clear sky
230,Markova,UA,48.68,24.41,39.92,88,100,4.56,overcast clouds
231,San Rafael,AR,-34.62,-68.33,83.34,28,0,6.33,clear sky
232,Husavik,IS,66.04,-17.34,33.8,64,0,9.17,clear sky
233,San Carlos De Bariloche,AR,-41.15,-71.31,57.2,50,0,21.92,clear sky
234,Fredericksburg,US,38.3,-77.46,44.01,75,1,6.93,clear sky
235,Dubrovnik,HR,42.65,18.09,53.6,71,90,9.17,overcast clouds
236,Merrill,US,45.18,-89.68,30.2,74,90,11.41,overcast clouds
237,Sulmona,IT,42.05,13.93,53.01,94,100,5.57,overcast clouds
238,Noumea,NC,-22.28,166.46,89.6,52,0,11.41,clear sky
239,Mangan,IN,27.52,88.53,60.42,31,11,3.31,few clouds
240,Porbandar,IN,21.64,69.61,65.41,39,0,10.04,clear sky
241,Chumikan,RU,54.72,135.31,-15.79,81,0,15.32,clear sky
242,Port Hedland,AU,-20.32,118.57,96.8,20,66,11.41,broken clouds
243,Frontera,MX,26.93,-101.45,73.4,17,75,4.12,broken clouds
244,Luderitz,NA,-26.65,15.16,65.66,54,0,21.85,clear sky
245,Yantzaza,EC,-3.83,-78.76,68.63,83,73,0.72,broken clouds
246,Payakumbuh,ID,-0.22,100.63,73.13,86,100,1.97,heavy intensity rain
247,Gorele,TR,41.03,39.0,41.0,80,75,11.41,light intensity shower rain
248,La Ronge,CA,55.1,-105.28,-5.8,76,3,4.7,clear sky
249,Hithadhoo,MV,-0.6,73.08,81.18,77,84,13.69,broken clouds
250,Swift Current,CA,50.28,-107.8,15.8,78,75,17.22,broken clouds
251,Shache,CN,38.42,77.24,16.74,91,100,2.57,overcast clouds
252,Impfondo,CG,1.64,18.07,73.58,87,100,2.59,overcast clouds
253,Lhokseumawe,ID,5.18,97.15,79.5,77,100,2.57,overcast clouds
254,Dubai,AE,25.26,55.3,64.4,55,0,2.24,clear sky
255,Namibe,AO,-15.2,12.15,68.4,81,4,5.91,clear sky
256,Sandy Bay,AU,-42.91,147.35,61.0,58,75,12.75,broken clouds
257,Ahipara,NZ,-35.17,173.17,68.77,63,20,16.55,few clouds
258,Iqaluit,CA,63.75,-68.51,-0.4,70,75,18.34,light snow
259,Sitrah,BH,26.15,50.62,66.2,77,0,3.36,clear sky
260,Mujiayingzi,CN,42.12,118.78,6.76,87,10,8.88,clear sky
261,Ponta Do Sol,PT,32.67,-17.1,66.2,72,75,8.05,broken clouds
262,Road Town,VG,18.42,-64.62,78.8,83,40,13.87,scattered clouds
263,Nhulunbuy,AU,-12.23,136.77,87.8,66,40,10.29,scattered clouds
264,La Cruz,MX,23.92,-106.9,64.0,80,70,8.7,broken clouds
265,Saint-Georges,GD,12.06,-61.75,78.8,83,40,16.11,light rain
266,Kholm,RU,59.27,32.85,31.69,98,100,9.01,light snow
267,Koindu,GN,8.44,-10.33,65.05,62,44,1.43,scattered clouds
268,Trimbak,IN,19.93,73.55,57.56,45,1,5.37,clear sky
269,Newala,TZ,-10.94,39.28,68.29,100,68,3.58,light rain
270,Tasiilaq,GL,65.61,-37.64,30.2,92,100,39.15,heavy snow
271,Orange,US,33.7,-117.77,64.99,72,90,3.36,overcast clouds
272,Campos Gerais,BR,-21.23,-45.76,66.15,92,1,9.95,clear sky
273,Cockburn Town,TC,21.46,-71.14,78.8,69,40,13.87,scattered clouds
274,Nemuro,JP,43.32,145.57,32.0,87,75,2.24,broken clouds
275,Monroe,US,43.15,-77.68,44.01,52,90,13.87,overcast clouds
276,Bedele,ET,8.46,36.35,54.91,88,33,1.48,scattered clouds
277,Dikson,RU,73.51,80.55,-12.48,88,89,10.36,overcast clouds
278,Hualmay,PE,-11.1,-77.61,67.82,83,100,9.26,overcast clouds
279,Namatanai,PG,-3.67,152.43,84.56,74,91,4.9,moderate rain
280,Hovd,MN,48.01,91.64,4.87,82,0,3.91,clear sky
281,Buraydah,SA,26.33,43.98,57.2,82,75,10.29,broken clouds
282,Troitskoye,RU,52.98,84.68,13.84,95,100,16.22,light snow
283,Zeya,RU,53.75,127.27,-7.46,82,5,1.01,clear sky
284,Ust-Kishert,RU,57.37,57.25,12.51,95,83,9.98,broken clouds
285,Fare,PF,-16.7,-151.02,81.05,76,30,11.52,light rain
286,Palmer,US,42.16,-72.33,27.0,73,75,3.8,broken clouds
287,Warrnambool,AU,-38.38,142.48,64.99,59,99,11.92,overcast clouds
288,Erenhot,CN,43.65,111.98,3.87,88,0,13.49,clear sky
289,Suntar,RU,62.14,117.63,-33.43,82,99,3.38,overcast clouds
290,Sao Felix Do Xingu,BR,-6.64,-51.99,73.81,92,100,2.04,light rain
291,Anloga,GH,5.79,0.9,78.8,94,20,2.24,few clouds
292,Dubti,ET,11.74,41.09,68.38,53,0,6.06,clear sky
293,Chantada,ES,42.61,-7.77,39.0,100,49,1.01,scattered clouds
294,Chokurdakh,RU,70.63,147.92,-11.56,89,100,14.23,overcast clouds
295,Victoria,HK,22.29,114.16,70.0,72,2,4.94,clear sky
296,Pokrovsk,UA,48.28,37.18,23.81,98,91,7.11,overcast clouds
297,Hamilton,US,39.18,-84.53,53.6,46,90,14.99,overcast clouds
298,Edelira,PY,-26.75,-55.27,66.6,58,0,0.78,light rain
299,Harper,LR,4.38,-7.72,77.77,86,6,8.03,clear sky
300,Kalakamati,BW,-20.59,27.31,70.32,78,51,6.64,light rain
301,Cerknica,SI,45.79,14.36,46.99,95,100,11.27,overcast clouds
302,Maracaibo,VE,10.63,-71.64,80.17,75,12,14.88,few clouds
303,Harnosand,SE,62.63,17.94,36.0,88,3,9.17,clear sky
304,Seymchan,RU,62.88,152.43,-27.4,82,100,2.04,overcast clouds
305,Chuy,UY,-33.7,-53.46,62.51,91,0,8.41,clear sky
306,Sept-Iles,CA,50.2,-66.38,12.2,66,100,3.36,overcast clouds
307,Marawi,PH,8.0,124.29,82.99,78,53,4.0,broken clouds
308,Sao Filipe,CV,14.9,-24.5,72.52,65,100,4.43,overcast clouds
309,Atar,MR,20.52,-13.05,60.33,33,0,9.78,clear sky
310,Priargunsk,RU,50.37,119.1,-10.32,88,100,2.53,overcast clouds
311,Damara,CF,4.96,18.7,77.0,88,20,2.24,few clouds
312,Ixtapa,MX,20.7,-105.2,71.6,83,5,2.24,clear sky
313,Tomatlan,MX,19.93,-105.25,69.04,66,0,1.95,clear sky
314,Arraial Do Cabo,BR,-22.97,-42.03,73.53,85,97,8.23,overcast clouds
315,Calatayud,ES,41.35,-1.64,46.4,100,90,2.24,fog
316,Sibolga,ID,1.74,98.78,75.33,90,100,5.32,overcast clouds
317,Norden,DE,53.6,7.2,39.99,89,100,7.0,moderate rain
318,Yarmouth,US,41.71,-70.23,39.0,64,100,10.42,overcast clouds
319,Lubango,AO,-14.92,13.49,59.5,71,31,1.14,scattered clouds
320,Qaanaaq,GL,77.48,-69.36,-1.95,85,29,7.2,scattered clouds
321,Praia,CV,14.92,-23.51,68.0,77,40,6.93,scattered clouds
322,Tsabong,BW,-26.02,22.4,73.02,26,5,9.78,clear sky
323,Tingi,TZ,-11.3,35.03,64.76,91,85,3.96,overcast clouds
324,Saint-Joseph,RE,-21.37,55.62,75.2,73,75,5.82,broken clouds
325,Aldan,RU,58.6,125.39,-14.12,89,100,1.88,overcast clouds
326,Avera,US,33.19,-82.53,59.0,87,1,8.05,clear sky
327,Poum,NC,-20.23,164.02,79.95,75,63,3.27,broken clouds
328,Minab,IR,27.15,57.08,48.2,66,0,4.7,clear sky
329,Pacific Grove,US,36.62,-121.92,57.0,61,1,3.36,clear sky
330,Broome,US,42.25,-75.83,37.0,69,1,14.99,clear sky
331,Neuquen,AR,-38.95,-68.06,84.2,25,0,6.93,clear sky
332,Yuncheng,CN,35.02,110.99,36.75,66,0,3.74,clear sky
333,Kutum,SD,14.2,24.67,58.12,36,5,7.76,clear sky
334,Sena Madureira,BR,-9.07,-68.66,72.66,97,89,1.99,overcast clouds
335,Manavalakurichi,IN,8.13,77.3,78.8,83,40,2.24,mist
336,Amga,RU,60.9,131.96,-41.31,79,100,0.43,overcast clouds
337,Kruisfontein,ZA,-34.0,24.73,63.0,88,100,1.01,light rain
338,Beloha,MG,-25.17,45.05,76.06,64,100,3.94,overcast clouds
339,Coihaique,CL,-45.58,-72.07,57.2,71,90,8.05,light rain
340,Richards Bay,ZA,-28.78,32.04,72.16,88,14,9.57,few clouds
341,Bom Conselho,BR,-9.17,-36.68,67.32,88,99,7.94,overcast clouds
342,San Patricio,US,28.02,-97.52,68.0,94,40,6.2,scattered clouds
343,Caditaan,PH,12.81,123.85,83.84,70,63,5.21,broken clouds
344,Khani,GE,41.96,42.96,37.4,100,100,2.24,overcast clouds
345,Vicksburg,US,32.35,-90.88,64.4,100,75,8.05,moderate rain
346,Kishi,NG,9.08,3.85,72.28,31,42,1.5,scattered clouds
347,Bambanglipuro,ID,-7.95,110.28,83.79,64,60,6.35,broken clouds
348,Aspe,ES,38.35,-0.77,59.0,58,0,16.11,clear sky
349,Anadyr,RU,64.75,177.48,-13.0,75,75,6.71,mist
350,Isfana,KG,39.84,69.53,32.0,72,20,15.66,mist
351,Maymyo,MM,22.03,96.47,59.0,87,20,2.82,few clouds
352,Thinadhoo,MV,0.53,72.93,81.34,72,96,9.4,overcast clouds
353,Guanica,PR,17.97,-66.91,73.0,66,0,1.01,clear sky
354,Zwedru,LR,6.07,-8.13,71.76,96,76,1.9,broken clouds
355,Codrington,AU,-38.27,141.97,59.09,61,100,10.0,overcast clouds
356,Yabelo,ET,4.88,38.08,57.42,58,8,5.37,clear sky
357,Sao Jose Da Coroa Grande,BR,-8.9,-35.15,77.29,80,100,7.99,overcast clouds
358,Nogales,MX,31.31,-110.94,50.0,29,1,7.78,clear sky
359,Walvis Bay,NA,-22.96,14.51,63.0,90,0,4.43,clear sky
360,Bandarbeyla,SO,9.49,50.81,72.77,75,0,17.31,clear sky
361,Havelock,US,34.88,-76.9,53.6,93,75,7.99,broken clouds
362,Gravdal,NO,68.12,13.5,36.23,95,100,2.86,light rain
363,Kudahuvadhoo,MV,2.67,72.89,81.23,73,100,5.93,overcast clouds
364,Flin Flon,CA,54.77,-101.86,-21.14,86,0,1.86,clear sky
365,Sfantu Gheorghe,RO,45.87,25.78,37.99,95,100,2.66,overcast clouds
366,Sur,OM,22.57,59.53,65.95,65,0,1.88,clear sky
367,Baghdad,IQ,33.34,44.4,44.6,93,0,4.7,clear sky
368,Strezhevoy,RU,60.73,77.59,-20.2,68,40,13.42,scattered clouds
369,Mogadishu,SO,2.04,45.34,76.41,76,85,18.37,overcast clouds
370,East London,ZA,-33.02,27.91,70.61,64,47,15.41,scattered clouds
371,Kenai,US,60.55,-151.26,35.6,74,1,10.29,clear sky
372,Hwange,ZW,-18.37,26.5,72.05,76,32,1.21,scattered clouds
373,Yar-Sale,RU,66.83,70.83,-29.83,85,100,9.42,overcast clouds
374,Alenquer,BR,-1.94,-54.74,82.4,83,0,5.82,clear sky
375,Lakes Entrance,AU,-37.88,147.98,66.99,63,89,1.99,overcast clouds
376,Zhigansk,RU,66.77,123.37,-45.6,78,61,2.64,broken clouds
377,Vila Do Maio,CV,15.13,-23.22,68.0,77,40,6.93,scattered clouds
378,Berlevag,NO,70.86,29.09,34.07,89,100,20.11,overcast clouds
379,La Palma,US,33.85,-118.05,66.99,22,1,4.7,clear sky
380,Belmonte,BR,-15.86,-38.88,77.0,83,75,6.93,broken clouds
381,Sabla,NG,12.75,4.71,70.52,22,4,7.99,clear sky
382,Rengo,CL,-34.42,-70.87,73.4,46,0,6.93,clear sky
383,Puerto Madryn,AR,-42.77,-65.04,65.73,50,0,10.51,clear sky
384,Jinchang,CN,38.5,102.17,20.53,69,0,3.29,clear sky
385,College,US,64.86,-147.8,17.6,78,90,2.06,mist
386,San Quintin,MX,30.48,-115.95,61.61,60,100,6.13,overcast clouds
387,Whitehorse,CA,60.72,-135.05,26.6,79,20,18.34,few clouds
388,San Policarpo,PH,12.18,125.51,82.98,77,76,5.32,broken clouds
389,Sao Raimundo Nonato,BR,-9.02,-42.7,75.83,61,75,1.59,broken clouds
390,Cartagena,CO,10.4,-75.51,80.6,88,20,9.17,few clouds
391,Altay,CN,47.87,88.12,5.49,82,48,2.35,scattered clouds
392,Tyumen,RU,57.15,65.53,28.4,86,90,6.71,overcast clouds
393,Severo-Kurilsk,RU,50.68,156.12,21.16,91,80,23.06,broken clouds
394,Cap Malheureux,MU,-19.98,57.61,75.0,86,3,7.0,light rain
395,Cayenne,GF,4.93,-52.33,78.8,94,75,5.82,broken clouds
396,Ancud,CL,-41.87,-73.82,59.0,100,90,10.29,light rain
397,Coquimbo,CL,-29.95,-71.34,59.0,82,0,8.05,clear sky
398,Alofi,NU,-19.06,-169.92,82.4,78,79,9.17,broken clouds
399,Lima,PE,-12.04,-77.03,69.8,77,75,14.99,broken clouds
400,Yuyao,CN,30.05,121.15,51.8,57,4,11.18,haze
401,Mount Isa,AU,-20.73,139.5,87.8,40,12,6.93,few clouds
402,Santiago,CL,-33.46,-70.65,69.8,52,0,10.29,clear sky
403,Kungurtug,RU,50.6,97.52,4.15,88,100,1.61,overcast clouds
404,Hermiston,US,45.84,-119.29,37.0,74,1,5.82,clear sky
405,Cajaruro,PE,-5.74,-78.43,77.86,63,100,3.58,overcast clouds
406,Ituporanga,BR,-27.41,-49.6,72.0,94,93,2.91,overcast clouds
407,Mehamn,NO,71.04,27.85,33.73,90,100,16.24,overcast clouds
408,Santa Cecilia,BR,-26.96,-50.43,61.65,97,73,6.46,broken clouds
409,Okhotsk,RU,59.38,143.3,-15.54,85,100,13.94,overcast clouds
410,Pouembout,NC,-21.13,164.9,84.4,66,64,7.72,broken clouds
411,Kalevala,RU,65.2,31.17,27.16,98,100,5.32,light snow
412,Port-Gentil,GA,-0.72,8.78,79.47,82,100,7.87,light rain
413,Lompoc,US,34.64,-120.46,52.0,81,1,3.0,clear sky
414,Wanaka,NZ,-44.7,169.15,64.42,59,51,3.24,light rain
415,Lorengau,PG,-2.02,147.27,83.62,76,99,4.59,moderate rain
416,Kurilsk,RU,45.23,147.88,37.24,76,55,6.53,broken clouds
417,Guilin,CN,25.28,110.29,51.8,87,90,7.49,mist
418,Zelenogorskiy,RU,55.03,87.0,15.8,78,90,13.42,light snow
419,Chapais,CA,49.78,-74.85,12.2,92,90,12.75,light snow
420,Ongandjera,NA,-17.88,15.07,78.58,42,99,5.84,overcast clouds
421,Luanda,AO,-8.84,13.23,77.0,88,75,4.7,broken clouds
422,Sa Kaeo,TH,13.75,102.33,76.3,64,83,6.13,broken clouds
423,Miramar,US,25.99,-80.23,75.2,73,75,10.29,broken clouds
424,Troitsko-Pechorsk,RU,62.71,56.2,-20.69,87,37,5.14,scattered clouds
425,Doka,SD,13.52,35.77,69.96,50,0,9.19,clear sky
426,Aksu,CN,41.12,80.26,15.12,90,100,0.49,overcast clouds
427,Alyangula,AU,-13.85,136.42,87.8,66,40,9.17,scattered clouds
428,Port Angeles,US,48.12,-123.43,39.2,93,1,5.82,clear sky
429,Beian,NO,63.66,9.57,35.6,93,20,20.8,light snow
430,Karaman,TR,37.08,33.25,26.64,92,0,4.72,clear sky
431,Bathsheba,BB,13.22,-59.52,78.8,83,40,18.34,scattered clouds
432,Norsup,VU,-16.07,167.38,86.0,79,75,8.05,light rain
433,Worland,US,44.02,-107.96,19.99,61,1,11.41,clear sky
434,Los Llanos De Aridane,ES,28.66,-17.92,62.6,55,0,8.05,clear sky
435,Touros,BR,-5.2,-35.46,78.8,78,40,11.41,scattered clouds
436,Piacabucu,BR,-10.41,-36.43,76.96,83,90,11.12,overcast clouds
437,Merauke,ID,-8.47,140.33,84.45,75,100,4.0,moderate rain
438,Selizharovo,RU,56.85,33.45,24.71,98,100,6.42,overcast clouds
439,Kongolo,CD,-5.38,27.0,68.2,94,58,1.1,broken clouds
440,Dzialdowo,PL,53.24,20.17,35.6,100,90,5.82,moderate rain
441,Pano Aqil,PK,27.86,69.11,44.6,87,0,4.74,mist
442,Wajir,KE,1.75,40.06,76.87,78,0,12.28,clear sky
443,Male,MV,4.17,73.51,78.8,88,75,3.36,broken clouds
444,Zabaykalsk,RU,49.63,117.32,0.18,86,100,4.52,overcast clouds
445,Sorland,NO,67.67,12.69,38.1,96,100,24.18,light rain
446,Gravelbourg,CA,49.88,-106.55,8.6,78,20,10.29,few clouds
447,Guerrero Negro,MX,27.98,-114.06,62.17,67,100,3.91,overcast clouds
448,Antofagasta,CL,-23.65,-70.4,66.2,77,90,9.17,overcast clouds
449,Fairbanks,US,64.84,-147.72,17.6,92,90,2.24,light snow
450,Saldanha,ZA,-33.01,17.94,62.6,82,48,1.12,scattered clouds
451,Brokopondo,SR,4.75,-55.17,76.75,89,100,9.19,overcast clouds
452,Aykhal,RU,66.0,111.5,-47.2,57,0,4.47,clear sky
453,Swellendam,ZA,-34.02,20.44,60.8,87,97,5.32,overcast clouds
454,Salalah,OM,17.02,54.09,71.6,37,0,8.05,clear sky
455,Shingu,JP,33.73,135.98,51.8,66,75,1.12,broken clouds
456,Nouadhibou,MR,20.93,-17.03,62.6,63,0,2.24,clear sky
457,Galesong,ID,-5.32,119.37,84.2,74,20,4.7,moderate rain
458,Bugac,HU,46.69,19.68,46.0,93,0,4.7,clear sky
459,Tual,ID,-5.67,132.75,84.07,70,71,1.95,broken clouds
460,Puerto Carreno,CO,6.19,-67.49,80.8,69,1,11.18,clear sky
461,Lagoa,PT,39.05,-27.98,57.15,68,97,25.05,overcast clouds
462,Sao Joao Da Barra,BR,-21.64,-41.05,73.42,94,100,10.51,moderate rain
463,Oyama,JP,36.3,139.8,48.99,49,75,3.36,broken clouds
464,Evanston,US,42.04,-87.69,46.0,47,100,1.99,overcast clouds
465,Ponto Novo,BR,-10.86,-40.13,71.91,64,4,7.49,clear sky
466,Hokitika,NZ,-42.72,170.97,61.75,82,75,21.7,light rain
467,Peleduy,RU,59.63,112.74,-5.94,89,100,3.89,overcast clouds
468,Zhangye,CN,38.93,100.45,19.81,66,0,6.22,clear sky
469,Kalmunai,LK,7.42,81.82,76.14,91,98,9.4,light rain
470,Bam,IR,29.11,58.36,47.43,46,0,3.85,clear sky
471,Tautira,PF,-17.73,-149.15,84.0,74,40,5.82,moderate rain
472,Xining,CN,36.62,101.77,15.85,69,68,2.44,broken clouds
473,Bilibino,RU,68.05,166.44,-30.73,80,100,2.71,overcast clouds
474,Tumwater,US,47.01,-122.91,37.0,93,1,3.36,clear sky
475,Celestun,MX,20.87,-90.4,75.79,79,0,9.06,clear sky
476,Wasilla,US,61.58,-149.44,30.99,86,75,5.82,broken clouds
477,Tahoua,NE,14.89,5.27,69.55,23,98,11.21,overcast clouds
478,Kununurra,AU,-15.77,128.73,87.8,74,40,5.82,scattered clouds
479,Jasper,US,37.2,-94.35,30.99,58,75,23.04,broken clouds
480,Padang,ID,-0.95,100.35,78.98,78,100,2.53,overcast clouds
481,Trairi,BR,-3.28,-39.27,78.51,79,45,10.27,scattered clouds
482,Maceio,BR,-9.67,-35.74,75.2,88,40,3.36,scattered clouds
483,Sozimskiy,RU,59.74,52.25,21.33,98,100,4.27,overcast clouds
484,Guaymas,MX,27.93,-110.9,71.6,49,40,9.73,scattered clouds
485,Swan Hill,AU,-35.34,143.55,75.06,35,0,9.46,clear sky
486,Tanggu,CN,39.02,117.65,30.2,30,0,11.18,clear sky
487,Gornyy,RU,55.12,83.91,12.47,96,100,14.9,overcast clouds
488,Russell,US,32.35,-85.2,57.2,66,90,5.77,overcast clouds
489,Mongo,TD,12.18,18.69,67.68,25,4,4.54,clear sky
490,Evensk,RU,61.95,159.23,-31.77,70,0,6.11,clear sky
491,Amloh,IN,30.61,76.23,49.14,51,0,4.32,clear sky
492,Charlottesville,US,38.03,-78.48,44.6,56,1,6.93,clear sky
493,Yenotayevka,RU,47.25,47.03,14.45,88,97,7.23,overcast clouds
494,Astana,KZ,51.18,71.45,8.6,84,90,11.18,light snow
495,Ambovombe,MG,-25.17,46.08,74.88,70,52,6.2,broken clouds
496,Sharjah,AE,25.36,55.4,64.4,62,0,3.36,clear sky
497,Gainesville,US,29.65,-82.32,60.01,87,20,3.69,few clouds
498,Tapes,BR,-30.67,-51.4,71.04,77,13,14.79,few clouds
499,Tabou,CI,4.42,-7.35,77.59,86,31,6.91,light rain
500,Descalvado,BR,-21.9,-47.62,73.4,78,0,10.29,clear sky
501,Aizpute,LV,56.72,21.6,41.0,93,100,5.82,overcast clouds
502,Shaki,AZ,41.08,47.17,33.8,86,90,1.12,light rain
503,Shadegan,IR,30.65,48.66,55.4,76,75,11.41,broken clouds
504,Mpika,ZM,-11.83,31.45,61.81,90,83,1.14,light rain
505,Urucara,BR,-2.54,-57.76,79.34,77,100,1.32,overcast clouds
506,Tukrah,LY,32.53,20.58,58.55,77,43,3.47,scattered clouds
507,Te Anau,NZ,-45.42,167.72,63.5,52,0,7.63,clear sky
508,Makat,KZ,47.65,53.35,4.71,83,30,7.47,scattered clouds
509,Vestmannaeyjar,IS,63.44,-20.27,40.69,76,100,11.56,overcast clouds
510,Henties Bay,NA,-22.12,14.28,63.0,90,6,4.03,clear sky
511,Puerto Escondido,MX,15.85,-97.07,78.8,78,5,5.48,clear sky
512,Lahat,ID,-3.8,103.53,79.03,78,83,1.03,broken clouds
513,Tanout,NE,14.97,8.89,65.59,25,100,12.12,overcast clouds
514,Hengshui,CN,37.73,115.7,33.93,65,0,6.06,clear sky
515,Townsville,AU,-19.25,146.8,89.6,66,96,12.75,overcast clouds
516,Perth,AU,-31.93,115.83,102.0,12,0,9.17,clear sky
517,Caravelas,BR,-17.71,-39.25,75.9,85,78,8.19,broken clouds
518,Acajutla,SV,13.59,-89.83,73.99,87,0,1.99,clear sky
519,Dankov,RU,53.25,39.16,17.6,92,90,6.71,overcast clouds
520,Miandoab,IR,36.97,46.1,33.8,89,75,8.23,broken clouds
521,Erdenet,MN,49.03,104.08,0.03,83,91,4.36,overcast clouds
522,Taquari,BR,-29.8,-51.86,68.0,92,0,5.99,clear sky
523,Hay River,CA,60.82,-115.8,14.0,78,100,12.75,overcast clouds
524,Tecoanapa,MX,16.52,-98.75,77.59,76,0,2.82,clear sky
525,Tutoia,BR,-2.76,-42.27,80.76,77,100,13.51,overcast clouds
526,Aginskoye,RU,51.1,114.53,2.52,81,23,16.96,few clouds
527,Soyo,AO,-6.13,12.37,76.66,90,100,8.12,overcast clouds
528,Maneadero,MX,31.72,-116.57,61.95,29,100,8.05,overcast clouds
529,Panzhihua,CN,26.59,101.71,54.79,63,70,0.92,broken clouds
530,Talara,PE,-4.58,-81.27,68.0,87,100,11.77,overcast clouds
531,Bad Munstereifel,DE,50.55,6.77,46.99,85,0,5.01,clear sky
532,Krasnyy Chikoy,RU,50.36,108.75,-3.05,88,100,2.71,overcast clouds
533,Akhmeta,GE,42.03,45.21,35.6,74,0,17.22,clear sky
534,Vilyuysk,RU,63.76,121.62,-37.12,82,100,2.53,overcast clouds
535,Taoudenni,ML,22.68,-3.98,57.92,46,0,13.22,clear sky
536,Boa Vista,BR,2.82,-60.67,77.0,88,75,8.05,light rain
537,Uray,RU,60.12,64.78,-13.25,89,43,7.0,scattered clouds
538,Krasnoselkup,RU,65.7,82.47,-43.65,78,36,6.55,scattered clouds
539,Paamiut,GL,61.99,-49.67,34.38,92,100,36.91,light snow
540,Shenjiamen,CN,29.96,122.3,52.38,81,32,18.43,scattered clouds
541,San Matias,BO,-16.37,-58.4,74.7,92,100,4.09,light rain
542,Boralday,KZ,43.36,76.86,3.2,84,90,2.26,fog
543,Tongliao,CN,43.61,122.27,8.92,89,0,9.98,clear sky
544,Mackay,AU,-21.15,149.2,82.4,78,75,8.05,broken clouds
545,Hervey Bay,AU,-25.3,152.85,84.0,57,100,5.99,overcast clouds
546,Coaldale,CA,49.72,-112.62,28.99,74,75,31.09,broken clouds
547,Assiniboia,CA,49.63,-105.98,8.6,78,30,10.29,scattered clouds
548,Hudson Bay,CA,52.85,-102.38,-12.93,88,0,2.33,clear sky
549,Rio Gallegos,AR,-51.62,-69.22,53.6,66,40,21.92,scattered clouds
550,Manta,EC,-0.95,-80.73,77.0,73,75,8.05,broken clouds
551,Santo Antonio De Jesus,BR,-12.97,-39.26,67.93,95,52,1.97,broken clouds
552,Bridlington,GB,54.08,-0.19,42.8,75,94,13.87,overcast clouds
553,Falam,MM,22.92,93.68,52.36,85,0,0.27,clear sky
554,Quatre Cocos,MU,-20.21,57.76,77.0,83,75,12.75,shower rain
555,Boueni,YT,-12.9,45.08,80.6,74,0,8.05,light rain
556,Sembe,CG,1.65,14.58,71.22,88,26,2.89,scattered clouds
557,Darhan,MN,49.49,105.92,-0.26,84,42,4.72,scattered clouds
558,Taywarah,AF,33.35,64.42,19.63,78,0,3.13,clear sky
559,Pitimbu,BR,-7.47,-34.81,78.8,78,20,8.05,few clouds
560,Deputatskiy,RU,69.3,139.9,-21.59,89,100,5.64,overcast clouds
561,Capitao Poco,BR,-1.75,-47.06,75.51,91,99,5.46,light rain
562,Shirokiy,RU,49.76,129.52,-9.54,88,0,8.01,clear sky
563,Kachiry,KZ,53.07,76.1,9.59,95,100,12.1,overcast clouds
564,Sikeston,US,36.88,-89.59,55.4,93,90,12.75,moderate rain
565,Chupaca,PE,-12.07,-75.28,53.83,68,100,4.32,light rain
566,Mweka,CD,-4.85,21.57,68.36,96,100,0.74,overcast clouds
567,Basco,PH,20.45,121.97,77.34,91,19,15.82,few clouds
568,Jalu,LY,29.03,21.55,51.98,79,0,7.05,clear sky
569,Emet,TR,39.34,29.26,32.25,95,1,1.23,clear sky
570,Redcar,GB,54.62,-1.06,39.99,86,100,8.01,overcast clouds
571,Bud,US,39.45,-86.18,50.0,87,90,19.46,overcast clouds
572,Hluti,SZ,-27.22,31.62,65.55,99,96,3.29,overcast clouds
573,Poitiers,FR,46.58,0.33,48.99,76,90,20.8,overcast clouds
574,Najran,SA,17.49,44.13,51.8,57,0,1.25,clear sky
575,Dicabisagan,PH,17.08,122.42,83.34,67,34,1.74,scattered clouds
576,Bogorodskoye,RU,56.55,37.88,15.42,96,100,10.22,overcast clouds
577,Breves,BR,-1.68,-50.48,77.09,83,21,5.19,few clouds
578,Lakatoro,VU,-16.1,167.42,86.0,79,75,8.05,broken clouds
579,Dzhebariki-Khaya,RU,62.22,135.8,-42.92,78,100,1.54,overcast clouds
580,Kozhevnikovo,RU,56.26,83.97,8.01,88,100,6.4,light snow
581,Mantua,IT,45.17,10.78,48.0,98,100,3.0,overcast clouds
582,Guane,CU,22.2,-84.09,68.92,87,0,5.79,clear sky
583,Kangasala,FI,61.46,24.08,34.0,91,90,6.93,overcast clouds
584,Saurimo,AO,-9.66,20.39,62.04,97,54,2.13,broken clouds
585,Buchanan,LR,5.88,-10.05,78.51,85,33,6.35,scattered clouds
586,Egvekinot,RU,66.32,-179.17,2.5,95,100,1.79,light snow
587,Karakol,KG,42.49,78.39,17.91,71,46,3.49,scattered clouds
588,Tuzha,RU,57.61,47.94,10.44,96,97,6.24,overcast clouds
589,Muisne,EC,0.6,-80.03,75.65,86,100,6.71,overcast clouds
590,Ayan,RU,56.45,138.17,-16.56,79,4,9.98,clear sky
591,Klaksvik,FO,62.23,-6.59,33.8,64,90,18.34,overcast clouds
592,Cherdyn,RU,60.4,56.48,5.88,94,94,5.84,overcast clouds
593,Simao,CN,22.79,100.97,59.79,62,0,0.87,clear sky
594,Manthani,IN,18.65,79.67,59.81,64,0,0.6,clear sky
595,Grand Gaube,MU,-20.01,57.66,75.0,86,3,7.0,light rain
596,Itarema,BR,-2.92,-39.92,78.73,79,100,13.22,overcast clouds
597,Vanimo,PG,-2.67,141.3,78.87,86,100,3.27,heavy intensity rain
598,Alihe,CN,50.57,123.72,3.38,87,10,2.24,clear sky
599,Borkenes,NO,68.77,16.17,37.0,95,100,5.01,overcast clouds
600,Arman,RU,59.7,150.17,-16.94,81,84,13.29,broken clouds
601,Nantucket,US,41.28,-70.1,39.2,64,1,9.17,clear sky
602,Huarmey,PE,-10.07,-78.15,68.27,82,100,9.08,overcast clouds
603,Omsukchan,RU,62.53,155.8,-36.15,76,100,4.94,overcast clouds
604,Yarega,RU,63.44,53.58,-19.82,87,0,4.97,clear sky
605,Mahuva,IN,21.09,71.76,65.93,34,0,10.76,clear sky
606,Laguna,US,38.42,-121.42,44.6,81,1,3.36,clear sky
607,Zlitan,LY,32.47,14.57,59.16,81,1,3.74,clear sky
608,Wajid,SO,3.81,43.25,72.82,42,0,16.51,clear sky
609,Orotukan,RU,62.27,151.7,-31.92,80,100,3.06,overcast clouds
610,Sereflikochisar,TR,38.94,33.54,31.93,89,15,0.96,few clouds
611,Vardo,NO,70.37,31.11,33.62,91,100,28.03,overcast clouds
612,Ahuimanu,US,21.44,-157.84,80.6,61,20,6.93,few clouds
613,Baruun-Urt,MN,46.68,113.28,-5.8,85,0,10.04,clear sky
614,Petropavlovsk-Kamchatskiy,RU,53.05,158.65,12.2,56,40,4.47,scattered clouds
615,Priladozhskiy,RU,59.85,31.48,32.0,99,100,10.4,overcast clouds
616,Palauig,PH,15.44,119.9,83.93,62,17,1.59,few clouds
617,Peruibe,BR,-24.32,-47.0,71.89,88,84,8.99,broken clouds
618,Atoyac,MX,20.02,-103.53,66.2,22,5,9.17,clear sky
619,Ofaqim,IL,31.31,34.62,53.01,100,97,3.0,overcast clouds
620,Roebourne,AU,-20.78,117.13,95.94,23,0,8.88,clear sky
621,George,ZA,-33.96,22.46,59.0,100,94,4.7,light rain
622,Amahai,ID,-3.33,128.92,87.62,59,100,2.24,overcast clouds
623,Malartic,CA,48.13,-78.13,26.6,86,90,18.34,overcast clouds
624,Naryan-Mar,RU,67.67,53.09,-25.46,82,0,6.78,clear sky
625,Bismarck,US,46.81,-100.78,10.4,66,90,8.05,overcast clouds
626,Coahuayana,MX,18.73,-103.68,72.61,65,0,1.39,clear sky
627,Morro Bay,US,35.37,-120.85,54.0,86,100,1.01,overcast clouds
628,La Paz,BO,-16.5,-68.15,48.2,70,75,9.17,broken clouds
629,Kiboga,UG,0.92,31.77,64.87,75,100,1.21,overcast clouds
630,Kapuskasing,CA,49.42,-82.43,32.0,97,100,3.36,snow
631,Mayo,US,38.89,-76.51,45.0,81,1,11.41,clear sky
632,Pontianak,ID,-0.03,109.33,86.14,64,5,0.74,clear sky
633,Nouakchott,MR,18.09,-15.98,59.0,30,55,5.82,broken clouds
634,Kontagora,NG,10.4,5.47,69.98,28,65,5.82,broken clouds
635,Shumskiy,RU,54.83,99.13,2.1,91,100,4.36,light snow
636,Baykit,RU,61.67,96.37,-32.31,77,10,2.42,clear sky
637,Sergeyevka,KZ,53.88,67.42,9.18,96,94,8.99,overcast clouds
638,Prado,BR,-17.34,-39.22,75.79,87,66,9.13,broken clouds
639,Chateaubelair,VC,13.28,-61.25,80.6,74,40,16.11,scattered clouds
640,Chara,RU,56.91,118.26,-15.9,77,96,0.65,overcast clouds
641,Asfi,MA,32.3,-9.24,59.76,68,1,11.86,clear sky
642,Owando,CG,-0.48,15.9,71.44,91,92,2.04,overcast clouds
643,Sheksna,RU,59.21,38.51,17.53,97,100,9.66,overcast clouds
644,Khandyga,RU,62.67,135.6,-43.4,80,100,0.74,overcast clouds
645,Itarantim,BR,-15.66,-40.07,67.75,95,7,2.42,clear sky
646,Lasa,IT,46.62,10.7,39.0,100,75,4.7,broken clouds
647,Xichang,CN,27.9,102.26,51.01,52,98,0.58,overcast clouds
648,Lithgow,AU,-33.48,150.15,71.01,53,87,7.09,overcast clouds
649,Ciudad Bolivar,VE,8.12,-63.55,76.98,81,79,11.52,broken clouds
650,Mandalgovi,MN,45.76,106.27,-0.47,79,0,9.93,clear sky
651,San Vicente,AR,-26.62,-54.13,69.39,73,0,3.24,light rain
652,Humaita,BR,-7.51,-63.02,76.24,87,93,1.7,overcast clouds
653,Kirakira,SB,-10.45,161.92,83.8,72,5,3.09,light rain
654,Majene,ID,-3.54,118.97,77.09,89,100,5.1,moderate rain
655,Imperia,IT,43.97,7.78,53.6,93,75,21.92,broken clouds
656,Idritsa,RU,56.33,28.9,34.16,91,100,7.23,overcast clouds
657,Lumphat,KH,13.49,106.98,78.24,73,75,5.26,broken clouds
658,Acapulco,MX,16.86,-99.89,78.8,88,20,4.7,few clouds
659,Banda Aceh,ID,5.56,95.32,79.92,80,97,9.8,overcast clouds
660,Abu Dhabi,AE,24.47,54.37,62.6,82,20,1.12,few clouds
661,Aljezur,PT,37.32,-8.8,55.0,100,100,1.01,overcast clouds
662,Monrovia,LR,6.3,-10.8,78.87,85,6,7.49,clear sky
663,Yagodnoye,RU,62.55,149.67,-34.1,78,86,2.84,overcast clouds
664,Fukue,JP,32.69,128.84,51.8,93,75,2.24,light intensity shower rain
665,Palmares Do Sul,BR,-30.26,-50.51,71.19,79,0,14.09,clear sky
666,Komsomolskiy,UZ,40.43,71.72,32.0,90,90,4.7,mist
667,Kisangani,CD,0.52,25.2,70.86,95,100,0.51,overcast clouds
668,Naze,JP,28.37,129.48,66.2,93,75,4.7,light intensity shower rain
669,La Asuncion,VE,11.03,-63.86,78.01,85,100,13.78,overcast clouds
670,Kidal,ML,18.44,1.41,61.18,31,61,12.06,broken clouds
671,Rantepao,ID,-2.97,119.9,78.8,68,99,1.81,light rain
672,Villaviciosa,ES,43.48,-5.44,46.0,89,50,1.01,scattered clouds
673,Punta Alta,AR,-38.88,-62.07,73.44,62,0,11.74,clear sky
674,Talaya,RU,61.38,152.75,-39.42,78,93,1.41,overcast clouds
675,Vanavara,RU,60.34,102.28,-30.42,85,71,0.47,broken clouds
676,Axim,GH,4.87,-2.24,78.51,86,54,7.67,light rain
677,Donskoye,RU,45.46,41.97,17.6,92,90,6.71,mist
678,Banjar,ID,-8.19,114.97,84.2,79,40,5.82,scattered clouds
679,Aberdeen,GB,57.14,-2.1,35.6,79,1,14.99,snow
680,Moron,AR,-34.65,-58.62,78.01,61,0,1.01,clear sky
681,Alzey,DE,49.75,8.12,51.01,74,58,10.02,broken clouds
682,Tazmalt,DZ,36.39,4.4,53.6,62,0,9.17,clear sky
683,Shimoda,JP,34.67,138.95,59.0,51,75,18.34,broken clouds
684,Dimbokro,CI,6.65,-4.7,75.88,85,15,4.36,few clouds
685,Muravlenko,RU,63.79,74.52,-35.1,83,99,10.25,overcast clouds
686,Pathein,MM,16.78,94.73,71.76,68,0,5.95,clear sky
687,Krivosheino,RU,57.34,83.93,-1.37,93,100,0.36,overcast clouds
688,Sola,VU,-13.88,167.55,83.48,70,99,3.0,overcast clouds
689,Cervo,ES,43.67,-7.41,34.0,100,4,1.01,light rain
690,Port-Cartier,CA,50.03,-66.87,12.2,66,100,3.36,overcast clouds
691,Andros Town,BS,24.7,-77.77,75.2,83,0,11.41,clear sky
692,Jumla,NP,29.27,82.18,37.96,47,0,5.23,clear sky
693,Kautokeino,NO,69.01,23.04,26.8,98,100,4.27,light snow
694,Kozhva,RU,65.11,57.05,-30.5,84,9,4.76,clear sky
695,Aurangabad,IN,19.88,75.33,51.8,87,0,5.12,haze
696,Kavaratti,IN,10.57,72.64,82.02,77,11,12.03,few clouds
697,Neiafu,TO,-18.65,-173.98,84.2,74,40,5.82,light rain
698,Mongomo,GQ,1.63,11.31,67.37,98,95,1.9,overcast clouds
699,Boddam,GB,57.47,-1.78,35.6,71,3,14.99,snow
700,Coos Bay,US,43.37,-124.22,42.01,72,1,9.17,clear sky
701,Hofn,IS,64.25,-15.21,31.14,79,99,5.88,overcast clouds
702,Kedrovyy,RU,56.17,91.82,-4.0,83,75,2.24,light snow
703,Nago,JP,26.59,127.98,71.6,88,75,9.17,broken clouds
704,Abalak,RU,58.13,68.59,1.78,94,91,7.52,overcast clouds
705,Baraya,CO,3.15,-75.05,72.19,76,27,4.68,scattered clouds
706,Havre-Saint-Pierre,CA,50.23,-63.6,5.0,71,1,6.93,clear sky
707,Roald,NO,62.58,6.13,35.6,93,100,4.7,overcast clouds
708,Porto Santo,PT,33.07,-16.34,64.4,88,20,11.41,few clouds
